FID,geo_code,geo_label,geo_labelw,label,name,Field1,LAD20CD,LAD20NM
3,E07000138,Lincoln, ,E92000001E07000138,Lincoln,116,E07000138,Lincoln
5,E07000105,Ashford, ,E92000001E07000105,Ashford,5,E07000105,Ashford
8,E08000034,Kirklees, ,E92000001E08000034,Kirklees,107,E08000034,Kirklees
9,E07000126,South Ribble, ,E92000001E07000126,South Ribble,192,E07000126,South Ribble
11,E09000023,Lewisham, ,E92000001E09000023,Lewisham,114,E09000023,Lewisham
12,E06000018,Nottingham, ,E92000001E06000018,Nottingham,149,E06000018,Nottingham
13,E09000028,Southwark, ,E92000001E09000028,Southwark,196,E09000028,Southwark
14,E07000133,Melton, ,E92000001E07000133,Melton,125,E07000133,Melton
18,E06000039,Slough, ,E92000001E06000039,Slough,181,E06000039,Slough
19,E07000199,Tamworth, ,E92000001E07000199,Tamworth,209,E07000199,Tamworth
20,E07000173,Gedling, ,E92000001E07000173,Gedling,79,E07000173,Gedling
21,E07000082,Stroud, ,E92000001E07000082,Stroud,202,E07000082,Stroud
24,E09000025,Newham, ,E92000001E09000025,Newham,135,E09000025,Newham
26,E06000027,Torbay, ,E92000001E06000027,Torbay,217,E06000027,Torbay
27,E09000024,Merton, ,E92000001E09000024,Merton,127,E09000024,Merton
28,E07000030,Eden, ,E92000001E07000030,Eden,69,E07000030,Eden
29,E06000017,Rutland, ,E92000001E06000017,Rutland,170,E06000017,Rutland
30,E07000209,Guildford, ,E92000001E07000209,Guildford,85,E07000209,Guildford
31,E07000188,Sedgemoor, ,E92000001E07000188,Sedgemoor,175,E07000188,Sedgemoor
32,E06000035,Medway, ,E92000001E06000035,Medway,124,E06000035,Medway
33,E09000029,Sutton, ,E92000001E09000029,Sutton,205,E09000029,Sutton
34,E07000148,Norwich, ,E92000001E07000148,Norwich,148,E07000148,Norwich
36,E06000006,Halton, ,E92000001E06000006,Halton,87,E06000006,Halton
37,E07000177,Cherwell, ,E92000001E07000177,Cherwell,39,E07000177,Cherwell
38,E07000081,Gloucester, ,E92000001E07000081,Gloucester,80,E07000081,Gloucester
39,E09000019,Islington, ,E92000001E09000019,Islington,106,E09000019,Islington
40,E07000119,Fylde, ,E92000001E07000119,Fylde,77,E07000119,Fylde
42,E07000226,Crawley, ,E92000001E07000226,Crawley,51,E07000226,Crawley
43,E06000013,North Lincolnshire, ,E92000001E06000013,North Lincolnshire,141,E06000013,North Lincolnshire
44,E07000108,Dover, ,E92000001E07000108,Dover,58,E07000108,Dover
45,E06000014,York, ,E92000001E06000014,York,250,E06000014,York
47,E06000016,Leicester, ,E92000001E06000016,Leicester,112,E06000016,Leicester
48,E07000062,Hastings, ,E92000001E07000062,Hastings,95,E07000062,Hastings
49,E07000010,Fenland, ,E92000001E07000010,Fenland,76,E07000010,Fenland
53,E07000026,Allerdale, ,E92000001E07000026,Allerdale,1,E07000026,Allerdale
54,E08000024,Sunderland, ,E92000001E08000024,Sunderland,203,E08000024,Sunderland
56,E07000218,North Warwickshire, ,E92000001E07000218,North Warwickshire,145,E07000218,North Warwickshire
57,E07000099,North Hertfordshire, ,E92000001E07000099,North Hertfordshire,139,E07000099,North Hertfordshire
58,E07000103,Watford, ,E92000001E07000103,Watford,229,E07000103,Watford
59,E08000017,Doncaster, ,E92000001E08000017,Doncaster,57,E08000017,Doncaster
61,E07000120,Hyndburn, ,E92000001E07000120,Hyndburn,104,E07000120,Hyndburn
62,E06000054,Wiltshire, ,E92000001E06000054,Wiltshire,240,E06000054,Wiltshire
63,E07000234,Bromsgrove, ,E92000001E07000234,Bromsgrove,26,E07000234,Bromsgrove
66,E07000072,Epping Forest, ,E92000001E07000072,Epping Forest,72,E07000072,Epping Forest
68,E09000011,Greenwich, ,E92000001E09000011,Greenwich,84,E09000011,Greenwich
70,E07000220,Rugby, ,E92000001E07000220,Rugby,166,E07000220,Rugby
71,E07000141,South Kesteven, ,E92000001E07000141,South Kesteven,188,E07000141,South Kesteven
72,E07000216,Waverley, ,E92000001E07000216,Waverley,230,E07000216,Waverley
75,E08000022,North Tyneside, ,E92000001E08000022,North Tyneside,144,E08000022,North Tyneside
77,E06000030,Swindon, ,E92000001E06000030,Swindon,207,E06000030,Swindon
78,E06000055,Bedford, ,E92000001E06000055,Bedford,11,E06000055,Bedford
79,E08000018,Rotherham, ,E92000001E08000018,Rotherham,165,E08000018,Rotherham
81,E06000001,Hartlepool, ,E92000001E06000001,Hartlepool,94,E06000001,Hartlepool
83,E07000121,Lancaster, ,E92000001E07000121,Lancaster,110,E07000121,Lancaster
84,E06000024,North Somerset, ,E92000001E06000024,North Somerset,143,E06000024,North Somerset
86,E07000189,South Somerset, ,E92000001E07000189,South Somerset,193,E07000189,South Somerset
87,E07000075,Rochford, ,E92000001E07000075,Rochford,162,E07000075,Rochford
91,E09000006,Bromley, ,E92000001E09000006,Bromley,25,E09000006,Bromley
94,E07000196,South Staffordshire, ,E92000001E07000196,South Staffordshire,194,E07000196,South Staffordshire
97,E07000033,Bolsover, ,E92000001E07000033,Bolsover,15,E07000033,Bolsover
98,E07000222,Warwick, ,E92000001E07000222,Warwick,228,E07000222,Warwick
99,E07000035,Derbyshire Dales, ,E92000001E07000035,Derbyshire Dales,56,E07000035,Derbyshire Dales
101,E07000198,Staffordshire Moorlands, ,E92000001E07000198,Staffordshire Moorlands,200,E07000198,Staffordshire Moorlands
102,E08000008,Tameside, ,E92000001E08000008,Tameside,208,E08000008,Tameside
103,E07000041,Exeter, ,E92000001E07000041,Exeter,74,E07000041,Exeter
105,E07000047,West Devon, ,E92000001E07000047,West Devon,234,E07000047,West Devon
107,E06000056,Central Bedfordshire, ,E92000001E06000056,Central Bedfordshire,38,E06000056,Central Bedfordshire
108,E07000197,Stafford, ,E92000001E07000197,Stafford,199,E07000197,Stafford
110,E08000030,Walsall, ,E92000001E08000030,Walsall,224,E08000030,Walsall
112,E06000047,County Durham, ,E92000001E06000047,County Durham,48,E06000047,County Durham
115,E06000051,Shropshire, ,E92000001E06000051,Shropshire,180,E06000051,Shropshire
119,E07000125,Rossendale, ,E92000001E07000125,Rossendale,163,E07000125,Rossendale
120,E09000016,Havering, ,E92000001E09000016,Havering,97,E09000016,Havering
121,E09000017,Hillingdon, ,E92000001E09000017,Hillingdon,100,E09000017,Hillingdon
125,E07000168,Scarborough, ,E92000001E07000168,Scarborough,174,E07000168,Scarborough
127,E07000174,Mansfield, ,E92000001E07000174,Mansfield,123,E07000174,Mansfield
128,E07000095,Broxbourne, ,E92000001E07000095,Broxbourne,27,E07000095,Broxbourne
129,E07000203,Mid Suffolk, ,E92000001E07000203,Mid Suffolk,129,E07000203,Mid Suffolk
130,E07000142,West Lindsey, ,E92000001E07000142,West Lindsey,236,E07000142,West Lindsey
132,E06000038,Reading, ,E92000001E06000038,Reading,157,E06000038,Reading
136,E07000066,Basildon, ,E92000001E07000066,Basildon,9,E07000066,Basildon
138,E07000217,Woking, ,E92000001E07000217,Woking,243,E07000217,Woking
139,E07000128,Wyre, ,E92000001E07000128,Wyre,249,E07000128,Wyre
141,E06000025,South Gloucestershire, ,E92000001E06000025,South Gloucestershire,185,E06000025,South Gloucestershire
145,E07000012,South Cambridgeshire, ,E92000001E07000012,South Cambridgeshire,183,E07000012,South Cambridgeshire
146,E07000063,Lewes, ,E92000001E07000063,Lewes,113,E07000063,Lewes
147,E08000031,Wolverhampton, ,E92000001E08000031,Wolverhampton,245,E08000031,Wolverhampton
148,E09000004,Bexley, ,E92000001E09000004,Bexley,12,E09000004,Bexley
149,E07000117,Burnley, ,E92000001E07000117,Burnley,29,E07000117,Burnley
150,E06000036,Bracknell Forest, ,E92000001E06000036,Bracknell Forest,18,E06000036,Bracknell Forest
151,E06000009,Blackpool, ,E92000001E06000009,Blackpool,14,E06000009,Blackpool
152,E07000088,Gosport, ,E92000001E07000088,Gosport,81,E07000088,Gosport
155,E07000109,Gravesham, ,E92000001E07000109,Gravesham,82,E07000109,Gravesham
157,E08000007,Stockport, ,E92000001E08000007,Stockport,201,E08000007,Stockport
159,E07000089,Hart, ,E92000001E07000089,Hart,93,E07000089,Hart
163,E08000009,Trafford, ,E92000001E08000009,Trafford,220,E08000009,Trafford
164,E07000106,Canterbury, ,E92000001E07000106,Canterbury,35,E07000106,Canterbury
165,E07000143,Breckland, ,E92000001E07000143,Breckland,21,E07000143,Breckland
168,E07000029,Copeland, ,E92000001E07000029,Copeland,45,E07000029,Copeland
170,E08000002,Bury, ,E92000001E08000002,Bury,30,E08000002,Bury
173,E07000227,Horsham, ,E92000001E07000227,Horsham,101,E07000227,Horsham
174,E09000009,Ealing, ,E92000001E09000009,Ealing,60,E09000009,Ealing
175,E07000210,Mole Valley, ,E92000001E07000210,Mole Valley,133,E07000210,Mole Valley
176,E07000065,Wealden, ,E92000001E07000065,Wealden,231,E07000065,Wealden
179,E07000042,Mid Devon, ,E92000001E07000042,Mid Devon,128,E07000042,Mid Devon
181,E07000037,High Peak, ,E92000001E07000037,High Peak,99,E07000037,High Peak
182,E08000005,Rochdale, ,E92000001E08000005,Rochdale,161,E08000005,Rochdale
184,E07000034,Chesterfield, ,E92000001E07000034,Chesterfield,41,E07000034,Chesterfield
186,E07000090,Havant, ,E92000001E07000090,Havant,96,E07000090,Havant
187,E07000137,East Lindsey, ,E92000001E07000137,East Lindsey,65,E07000137,East Lindsey
190,E07000229,Worthing, ,E92000001E07000229,Worthing,246,E07000229,Worthing
191,E07000093,Test Valley, ,E92000001E07000093,Test Valley,213,E07000093,Test Valley
195,E09000010,Enfield, ,E92000001E09000010,Enfield,71,E09000010,Enfield
196,E08000010,Wigan, ,E92000001E08000010,Wigan,239,E08000010,Wigan
197,E08000026,Coventry, ,E92000001E08000026,Coventry,49,E08000026,Coventry
200,E07000213,Spelthorne, ,E92000001E07000213,Spelthorne,197,E07000213,Spelthorne
201,E07000087,Fareham, ,E92000001E07000087,Fareham,75,E07000087,Fareham
202,E07000079,Cotswold, ,E92000001E07000079,Cotswold,47,E07000079,Cotswold
204,E07000113,Swale, ,E92000001E07000113,Swale,206,E07000113,Swale
207,E07000038,North East Derbyshire, ,E92000001E07000038,North East Derbyshire,137,E07000038,North East Derbyshire
208,E08000028,Sandwell, ,E92000001E08000028,Sandwell,173,E08000028,Sandwell
210,E07000145,Great Yarmouth, ,E92000001E07000145,Great Yarmouth,83,E07000145,Great Yarmouth
212,E07000124,Ribble Valley, ,E92000001E07000124,Ribble Valley,160,E07000124,Ribble Valley
214,E06000032,Luton, ,E92000001E06000032,Luton,118,E06000032,Luton
216,E07000064,Rother, ,E92000001E07000064,Rother,164,E07000064,Rother
219,E07000179,South Oxfordshire, ,E92000001E07000179,South Oxfordshire,191,E07000179,South Oxfordshire
221,E07000149,South Norfolk, ,E92000001E07000149,South Norfolk,190,E07000149,South Norfolk
222,E07000187,Mendip, ,E92000001E07000187,Mendip,126,E07000187,Mendip
224,E07000077,Uttlesford, ,E92000001E07000077,Uttlesford,222,E07000077,Uttlesford
227,E07000011,Huntingdonshire, ,E92000001E07000011,Huntingdonshire,103,E07000011,Huntingdonshire
228,E07000083,Tewkesbury, ,E92000001E07000083,Tewkesbury,214,E07000083,Tewkesbury
229,E07000127,West Lancashire, ,E92000001E07000127,West Lancashire,235,E07000127,West Lancashire
230,E06000005,Darlington, ,E92000001E06000005,Darlington,54,E06000005,Darlington
231,E07000008,Cambridge, ,E92000001E07000008,Cambridge,32,E07000008,Cambridge
233,E07000036,Erewash, ,E92000001E07000036,Erewash,73,E07000036,Erewash
234,E06000037,West Berkshire, ,E92000001E06000037,West Berkshire,233,E06000037,West Berkshire
235,E07000045,Teignbridge, ,E92000001E07000045,Teignbridge,211,E07000045,Teignbridge
236,E06000044,Portsmouth, ,E92000001E06000044,Portsmouth,155,E06000044,Portsmouth
238,E08000003,Manchester, ,E92000001E08000003,Manchester,122,E08000003,Manchester
239,E08000011,Knowsley, ,E92000001E08000011,Knowsley,108,E08000011,Knowsley
240,E08000023,South Tyneside, ,E92000001E08000023,South Tyneside,195,E08000023,South Tyneside
242,E07000068,Brentwood, ,E92000001E07000068,Brentwood,23,E07000068,Brentwood
246,E07000224,Arun, ,E92000001E07000224,Arun,3,E07000224,Arun
247,E07000225,Chichester, ,E92000001E07000225,Chichester,42,E07000225,Chichester
248,E07000111,Sevenoaks, ,E92000001E07000111,Sevenoaks,178,E07000111,Sevenoaks
249,E07000193,East Staffordshire, ,E92000001E07000193,East Staffordshire,66,E07000193,East Staffordshire
252,E09000032,Wandsworth, ,E92000001E09000032,Wandsworth,226,E09000032,Wandsworth
253,E07000140,South Holland, ,E92000001E07000140,South Holland,187,E07000140,South Holland
254,E07000031,South Lakeland, ,E92000001E07000031,South Lakeland,189,E07000031,South Lakeland
256,E07000114,Thanet, ,E92000001E07000114,Thanet,215,E07000114,Thanet
257,E07000134,North West Leicestershire, ,E92000001E07000134,North West Leicestershire,146,E07000134,North West Leicestershire
259,E08000001,Bolton, ,E92000001E08000001,Bolton,16,E08000001,Bolton
260,E07000200,Babergh, ,E92000001E07000200,Babergh,6,E07000200,Babergh
261,E09000003,Barnet, ,E92000001E09000003,Barnet,7,E09000003,Barnet
262,E07000194,Lichfield, ,E92000001E07000194,Lichfield,115,E07000194,Lichfield
263,E07000118,Chorley, ,E92000001E07000118,Chorley,43,E07000118,Chorley
265,E07000102,Three Rivers, ,E92000001E07000102,Three Rivers,216,E07000102,Three Rivers
270,E09000026,Redbridge, ,E92000001E09000026,Redbridge,158,E09000026,Redbridge
271,E06000015,Derby, ,E92000001E06000015,Derby,55,E06000015,Derby
272,E07000040,East Devon, ,E92000001E07000040,East Devon,62,E07000040,East Devon
273,E07000170,Ashfield, ,E92000001E07000170,Ashfield,4,E07000170,Ashfield
274,E07000096,Dacorum, ,E92000001E07000096,Dacorum,53,E07000096,Dacorum
275,E07000165,Harrogate, ,E92000001E07000165,Harrogate,91,E07000165,Harrogate
277,E07000122,Pendle, ,E92000001E07000122,Pendle,152,E07000122,Pendle
278,E09000022,Lambeth, ,E92000001E09000022,Lambeth,109,E09000022,Lambeth
279,E07000207,Elmbridge, ,E92000001E07000207,Elmbridge,70,E07000207,Elmbridge
280,E07000032,Amber Valley, ,E92000001E07000032,Amber Valley,2,E07000032,Amber Valley
281,E06000007,Warrington, ,E92000001E06000007,Warrington,227,E06000007,Warrington
282,E07000092,Rushmoor, ,E92000001E07000092,Rushmoor,169,E07000092,Rushmoor
283,E07000223,Adur, ,E92000001E07000223,Adur,0,E07000223,Adur
285,E07000176,Rushcliffe, ,E92000001E07000176,Rushcliffe,168,E07000176,Rushcliffe
286,E07000144,Broadland, ,E92000001E07000144,Broadland,24,E07000144,Broadland
287,E07000236,Redditch, ,E92000001E07000236,Redditch,159,E07000236,Redditch
288,E09000012,Hackney, ,E92000001E09000012,Hackney,86,E09000012,Hackney
289,E08000027,Dudley, ,E92000001E08000027,Dudley,59,E08000027,Dudley
290,E07000238,Wychavon, ,E92000001E07000238,Wychavon,247,E07000238,Wychavon
292,E09000014,Haringey, ,E92000001E09000014,Haringey,89,E09000014,Haringey
295,E07000073,Harlow, ,E92000001E07000073,Harlow,90,E07000073,Harlow
299,E09000031,Waltham Forest, ,E92000001E09000031,Waltham Forest,225,E09000031,Waltham Forest
300,E07000085,East Hampshire, ,E92000001E07000085,East Hampshire,63,E07000085,East Hampshire
301,E09000007,Camden, ,E92000001E09000007,Camden,33,E09000007,Camden
303,E07000212,Runnymede, ,E92000001E07000212,Runnymede,167,E07000212,Runnymede
305,E09000030,Tower Hamlets, ,E92000001E09000030,Tower Hamlets,219,E09000030,Tower Hamlets
306,E07000071,Colchester, ,E92000001E07000071,Colchester,44,E07000071,Colchester
308,E07000098,Hertsmere, ,E92000001E07000098,Hertsmere,98,E07000098,Hertsmere
309,E08000032,Bradford, ,E92000001E08000032,Bradford,19,E08000032,Bradford
310,E09000018,Hounslow, ,E92000001E09000018,Hounslow,102,E09000018,Hounslow
312,E09000005,Brent, ,E92000001E09000005,Brent,22,E09000005,Brent
314,E08000006,Salford, ,E92000001E08000006,Salford,172,E08000006,Salford
316,E07000110,Maidstone, ,E92000001E07000110,Maidstone,119,E07000110,Maidstone
318,E09000015,Harrow, ,E92000001E09000015,Harrow,92,E09000015,Harrow
319,E07000074,Maldon, ,E92000001E07000074,Maldon,120,E07000074,Maldon
321,E08000033,Calderdale, ,E92000001E08000033,Calderdale,31,E08000033,Calderdale
323,E07000164,Hambleton, ,E92000001E07000164,Hambleton,88,E07000164,Hambleton
325,E07000136,Boston, ,E92000001E07000136,Boston,17,E07000136,Boston
326,E07000094,Winchester, ,E92000001E07000094,Winchester,241,E07000094,Winchester
328,E06000012,North East Lincolnshire, ,E92000001E06000012,North East Lincolnshire,138,E06000012,North East Lincolnshire
330,E08000004,Oldham, ,E92000001E08000004,Oldham,150,E08000004,Oldham
331,E06000041,Wokingham, ,E92000001E06000041,Wokingham,244,E06000041,Wokingham
332,E08000036,Wakefield, ,E92000001E08000036,Wakefield,223,E08000036,Wakefield
334,E08000029,Solihull, ,E92000001E08000029,Solihull,182,E08000029,Solihull
335,E07000043,North Devon, ,E92000001E07000043,North Devon,136,E07000043,North Devon
336,E08000014,Sefton, ,E92000001E08000014,Sefton,176,E08000014,Sefton
337,E06000049,Cheshire East, ,E92000001E06000049,Cheshire East,40,E06000049,Cheshire East
338,E07000171,Bassetlaw, ,E92000001E07000171,Bassetlaw,10,E07000171,Bassetlaw
339,E07000239,Wyre Forest, ,E92000001E07000239,Wyre Forest,248,E07000239,Wyre Forest
341,E07000116,Tunbridge Wells, ,E92000001E07000116,Tunbridge Wells,221,E07000116,Tunbridge Wells
343,E06000026,Plymouth, ,E92000001E06000026,Plymouth,154,E06000026,Plymouth
344,E06000031,Peterborough, ,E92000001E06000031,Peterborough,153,E06000031,Peterborough
345,E07000181,West Oxfordshire, ,E92000001E07000181,West Oxfordshire,237,E07000181,West Oxfordshire
346,E08000035,Leeds, ,E92000001E08000035,Leeds,111,E08000035,Leeds
351,E09000008,Croydon, ,E92000001E09000008,Croydon,52,E09000008,Croydon
353,E07000039,South Derbyshire, ,E92000001E07000039,South Derbyshire,184,E07000039,South Derbyshire
355,E06000042,Milton Keynes, ,E92000001E06000042,Milton Keynes,132,E06000042,Milton Keynes
356,E06000002,Middlesbrough, ,E92000001E06000002,Middlesbrough,131,E06000002,Middlesbrough
361,E07000044,South Hams, ,E92000001E07000044,South Hams,186,E07000044,South Hams
363,E07000069,Castle Point, ,E92000001E07000069,Castle Point,37,E07000069,Castle Point
364,E07000228,Mid Sussex, ,E92000001E07000228,Mid Sussex,130,E07000228,Mid Sussex
365,E07000009,East Cambridgeshire, ,E92000001E07000009,East Cambridgeshire,61,E07000009,East Cambridgeshire
368,E07000163,Craven, ,E92000001E07000163,Craven,50,E07000163,Craven
370,E08000016,Barnsley, ,E92000001E08000016,Barnsley,8,E08000016,Barnsley
372,E07000178,Oxford, ,E92000001E07000178,Oxford,151,E07000178,Oxford
373,E07000076,Tendring, ,E92000001E07000076,Tendring,212,E07000076,Tendring
374,E07000215,Tandridge, ,E92000001E07000215,Tandridge,210,E07000215,Tandridge
376,E07000067,Braintree, ,E92000001E07000067,Braintree,20,E07000067,Braintree
377,E08000012,Liverpool, ,E92000001E08000012,Liverpool,117,E08000012,Liverpool
378,E07000091,New Forest, ,E92000001E07000091,New Forest,134,E07000091,New Forest
379,E08000019,Sheffield, ,E92000001E08000019,Sheffield,179,E08000019,Sheffield
380,E08000015,Wirral, ,E92000001E08000015,Wirral,242,E08000015,Wirral
382,E07000028,Carlisle, ,E92000001E07000028,Carlisle,36,E07000028,Carlisle
383,E07000235,Malvern Hills, ,E92000001E07000235,Malvern Hills,121,E07000235,Malvern Hills
384,E07000123,Preston, ,E92000001E07000123,Preston,156,E07000123,Preston
385,E07000139,North Kesteven, ,E92000001E07000139,North Kesteven,140,E07000139,North Kesteven
388,E07000167,Ryedale, ,E92000001E07000167,Ryedale,171,E07000167,Ryedale
390,E07000192,Cannock Chase, ,E92000001E07000192,Cannock Chase,34,E07000192,Cannock Chase
391,E07000061,Eastbourne, ,E92000001E07000061,Eastbourne,67,E07000061,Eastbourne
392,E07000172,Broxtowe, ,E92000001E07000172,Broxtowe,28,E07000172,Broxtowe
393,E07000202,Ipswich, ,E92000001E07000202,Ipswich,105,E07000202,Ipswich
395,E07000214,Surrey Heath, ,E92000001E07000214,Surrey Heath,204,E07000214,Surrey Heath
396,E07000086,Eastleigh, ,E92000001E07000086,Eastleigh,68,E07000086,Eastleigh
397,E07000147,North Norfolk, ,E92000001E07000147,North Norfolk,142,E07000147,North Norfolk
398,E08000025,Birmingham, ,E92000001E08000025,Birmingham,13,E08000025,Birmingham
400,E07000046,Torridge, ,E92000001E07000046,Torridge,218,E07000046,Torridge
403,E07000169,Selby, ,E92000001E07000169,Selby,177,E07000169,Selby
0,W06000016,Rhondda Cynon Taf,Rhondda Cynon Taf,W92000004W06000016,Rhondda Cynon Taf,,,
1,S12000013,Eilean Siar, ,S92000003S12000013,Eilean Siar,,,
2,W06000013,Bridgend,Pen-y-bont ar Ogwr,W92000004W06000013,Bridgend,,,
4,E07000166,Richmondshire, ,E92000001E07000166,Richmondshire,,,
6,95JJ,Coleraine, ,N9200000295JJ,Coleraine,,,
7,W06000022,Newport,Casnewydd,W92000004W06000022,Newport,,,
10,S12000006,Dumfries & Galloway, ,S92000003S12000006,Dumfries & Galloway,,,
15,E07000219,Nuneaton and Bedworth, ,E92000001E07000219,Nuneaton and Bedworth,,,
16,95DD,Ballymena, ,N9200000295DD,Ballymena,,,
17,E07000097,East Hertfordshire, ,E92000001E07000097,East Hertfordshire,,,
22,E06000034,Thurrock, ,E92000001E06000034,Thurrock,,,
23,W06000019,Blaenau Gwent,Blaenau Gwent,W92000004W06000019,Blaenau Gwent,,,
25,S12000046,Glasgow City, ,S92000003S12000046,Glasgow City,,,
35,S12000038,Renfrewshire, ,S92000003S12000038,Renfrewshire,,,
41,95FF,Banbridge, ,N9200000295FF,Banbridge,,,
46,95HH,Carrickfergus, ,N9200000295HH,Carrickfergus,,,
50,E08000020,Gateshead, ,E92000001E08000020,Gateshead,,,
51,E41000052,"Cornwall,Isles of Scilly", ,E92000001E41000052,"Cornwall,Isles of Scilly",,,
52,W06000015,Cardiff,Caerdydd,W92000004W06000015,Cardiff,,,
55,E07000050,North Dorset, ,E92000001E07000050,North Dorset,,,
60,S12000045,East Dunbartonshire, ,S92000003S12000045,East Dunbartonshire,,,
64,E07000101,Stevenage, ,E92000001E07000101,Stevenage,,,
65,W06000006,Wrexham,Wrecsam,W92000004W06000006,Wrexham,,,
67,S12000040,West Lothian, ,S92000003S12000040,West Lothian,,,
69,E07000048,Christchurch, ,E92000001E07000048,Christchurch,,,
73,W06000023,Powys,Powys,W92000004W06000023,Powys,,,
74,S12000019,Midlothian, ,S92000003S12000019,Midlothian,,,
76,E07000221,Stratford-on-Avon, ,E92000001E07000221,Stratford-on-Avon,,,
80,S12000015,Fife, ,S92000003S12000015,Fife,,,
82,E07000132,Hinckley and Bosworth, ,E92000001E07000132,Hinckley and Bosworth,,,
85,E07000190,Taunton Deane, ,E92000001E07000190,Taunton Deane,,,
88,E06000045,Southampton, ,E92000001E06000045,Southampton,,,
89,W06000010,Carmarthenshire,Sir Gaerfyrddin,W92000004W06000010,Carmarthenshire,,,
90,E07000052,West Dorset, ,E92000001E07000052,West Dorset,,,
92,95XX,North Down, ,N9200000295XX,North Down,,,
93,E06000020,Telford and Wrekin, ,E92000001E06000020,Telford and Wrekin,,,
95,E07000115,Tonbridge and Malling, ,E92000001E07000115,Tonbridge and Malling,,,
96,95MM,Derry, ,N9200000295MM,Derry,,,
100,S12000030,Stirling, ,S92000003S12000030,Stirling,,,
104,95QQ,Larne, ,N9200000295QQ,Larne,,,
106,W06000012,Neath Port Talbot,Castell-nedd Port Talbot,W92000004W06000012,Neath Port Talbot,,,
109,S12000018,Inverclyde, ,S92000003S12000018,Inverclyde,,,
111,E07000208,Epsom and Ewell, ,E92000001E07000208,Epsom and Ewell,,,
113,95ZZ,Strabane, ,N9200000295ZZ,Strabane,,,
114,W06000005,Flintshire,Sir y Fflint,W92000004W06000005,Flintshire,,,
116,W06000003,Conwy,Conwy,W92000004W06000003,Conwy,,,
117,E07000201,Forest Heath, ,E92000001E07000201,Forest Heath,,,
118,E07000153,Kettering, ,E92000001E07000153,Kettering,,,
122,E07000070,Chelmsford, ,E92000001E07000070,Chelmsford,,,
123,E06000048,Northumberland, ,E92000001E06000048,Northumberland,,,
124,E41000324,"City of London,Westminster", ,E92000001E41000324,"City of London,Westminster",,,
126,E07000112,Shepway, ,E92000001E07000112,Shepway,,,
131,W06000011,Swansea,Abertawe,W92000004W06000011,Swansea,,,
133,E06000008,Blackburn with Darwen, ,E92000001E06000008,Blackburn with Darwen,,,
134,S12000023,Orkney Islands, ,S92000003S12000023,Orkney Islands,,,
135,S12000034,Aberdeenshire, ,S92000003S12000034,Aberdeenshire,,,
137,E07000205,Suffolk Coastal, ,E92000001E07000205,Suffolk Coastal,,,
140,E06000023,"Bristol, City of", ,E92000001E06000023,"Bristol, City of",,,
142,E07000084,Basingstoke and Deane, ,E92000001E07000084,Basingstoke and Deane,,,
143,E07000131,Harborough, ,E92000001E07000131,Harborough,,,
144,S12000010,East Lothian, ,S92000003S12000010,East Lothian,,,
153,95EE,Ballymoney, ,N9200000295EE,Ballymoney,,,
154,W06000024,Merthyr Tydfil,Merthyr Tudful,W92000004W06000024,Merthyr Tydfil,,,
156,E07000104,Welwyn Hatfield, ,E92000001E07000104,Welwyn Hatfield,,,
158,95NN,Down, ,N9200000295NN,Down,,,
160,95TT,Magherafelt, ,N9200000295TT,Magherafelt,,,
161,E06000003,Redcar and Cleveland, ,E92000001E06000003,Redcar and Cleveland,,,
162,95RR,Limavady, ,N9200000295RR,Limavady,,,
166,W06000002,Gwynedd,Gwynedd,W92000004W06000002,Gwynedd,,,
167,E07000156,Wellingborough, ,E92000001E07000156,Wellingborough,,,
169,E09000020,Kensington and Chelsea, ,E92000001E09000020,Kensington and Chelsea,,,
171,95KK,Cookstown, ,N9200000295KK,Cookstown,,,
172,95CC,Armagh, ,N9200000295CC,Armagh,,,
177,E06000011,East Riding of Yorkshire, ,E92000001E06000011,East Riding of Yorkshire,,,
178,E07000191,West Somerset, ,E92000001E07000191,West Somerset,,,
180,E06000033,Southend-on-Sea, ,E92000001E06000033,Southend-on-Sea,,,
183,W06000001,Isle of Anglesey,Ynys M鬾,W92000004W06000001,Isle of Anglesey,,,
185,S12000039,West Dunbartonshire, ,S92000003S12000039,West Dunbartonshire,,,
188,E09000027,Richmond upon Thames, ,E92000001E09000027,Richmond upon Thames,,,
189,E07000151,Daventry, ,E92000001E07000151,Daventry,,,
192,95UU,Moyle, ,N9200000295UU,Moyle,,,
193,E07000195,Newcastle-under-Lyme, ,E92000001E07000195,Newcastle-under-Lyme,,,
194,E09000002,Barking and Dagenham, ,E92000001E09000002,Barking and Dagenham,,,
198,E06000046,Isle of Wight, ,E92000001E06000046,Isle of Wight,,,
199,S12000026,Scottish Borders, ,S92000003S12000026,Scottish Borders,,,
203,E07000130,Charnwood, ,E92000001E07000130,Charnwood,,,
205,95SS,Lisburn, ,N9200000295SS,Lisburn,,,
206,E06000040,Windsor and Maidenhead, ,E92000001E06000040,Windsor and Maidenhead,,,
209,E06000029,Poole, ,E92000001E06000029,Poole,,,
211,E07000129,Blaby, ,E92000001E07000129,Blaby,,,
213,95AA,Antrim, ,N9200000295AA,Antrim,,,
215,E07000175,Newark and Sherwood, ,E92000001E07000175,Newark and Sherwood,,,
217,E08000021,Newcastle upon Tyne, ,E92000001E08000021,Newcastle upon Tyne,,,
218,E07000237,Worcester, ,E92000001E07000237,Worcester,,,
220,95II,Castlereagh, ,N9200000295II,Castlereagh,,,
223,S12000035,Argyll & Bute, ,S92000003S12000035,Argyll & Bute,,,
225,95GG,Belfast, ,N9200000295GG,Belfast,,,
226,S12000028,South Ayrshire, ,S92000003S12000028,South Ayrshire,,,
232,E07000078,Cheltenham, ,E92000001E07000078,Cheltenham,,,
237,E09000021,Kingston upon Thames, ,E92000001E09000021,Kingston upon Thames,,,
241,95OO,Dungannon, ,N9200000295OO,Dungannon,,,
243,S12000027,Shetland Islands, ,S92000003S12000027,Shetland Islands,,,
244,E07000080,Forest of Dean, ,E92000001E07000080,Forest of Dean,,,
245,W06000008,Ceredigion,Ceredigion,W92000004W06000008,Ceredigion,,,
250,E06000021,Stoke-on-Trent, ,E92000001E06000021,Stoke-on-Trent,,,
251,E07000004,Aylesbury Vale, ,E92000001E07000004,Aylesbury Vale,,,
255,W06000020,Torfaen,Tor-faen,W92000004W06000020,Torfaen,,,
258,95LL,Craigavon, ,N9200000295LL,Craigavon,,,
264,S12000005,Clackmannanshire, ,S92000003S12000005,Clackmannanshire,,,
266,95PP,Fermanagh, ,N9200000295PP,Fermanagh,,,
267,95WW,Newtownabbey, ,N9200000295WW,Newtownabbey,,,
268,S12000044,North Lanarkshire, ,S92000003S12000044,North Lanarkshire,,,
269,E07000150,Corby, ,E92000001E07000150,Corby,,,
276,E07000107,Dartford, ,E92000001E07000107,Dartford,,,
284,95BB,Ards, ,N9200000295BB,Ards,,,
291,E07000053,Weymouth and Portland, ,E92000001E07000053,Weymouth and Portland,,,
293,S12000033,Aberdeen City, ,S92000003S12000033,Aberdeen City,,,
294,S12000042,Dundee City, ,S92000003S12000042,Dundee City,,,
296,E06000050,Cheshire West and Chester, ,E92000001E06000050,Cheshire West and Chester,,,
297,W06000018,Caerphilly,Caerffili,W92000004W06000018,Caerphilly,,,
298,E06000019,"Herefordshire, County of", ,E92000001E06000019,"Herefordshire, County of",,,
302,E07000152,East Northamptonshire, ,E92000001E07000152,East Northamptonshire,,,
304,W06000004,Denbighshire,Sir Ddinbych,W92000004W06000004,Denbighshire,,,
307,E06000010,"Kingston upon Hull, City of", ,E92000001E06000010,"Kingston upon Hull, City of",,,
311,95YY,Omagh, ,N9200000295YY,Omagh,,,
313,E07000180,Vale of White Horse, ,E92000001E07000180,Vale of White Horse,,,
315,S12000020,Moray, ,S92000003S12000020,Moray,,,
317,E07000204,St Edmundsbury, ,E92000001E07000204,St Edmundsbury,,,
320,E07000211,Reigate and Banstead, ,E92000001E07000211,Reigate and Banstead,,,
322,E07000027,Barrow-in-Furness, ,E92000001E07000027,Barrow-in-Furness,,,
324,E07000146,King's Lynn and West Norfolk, ,E92000001E07000146,King's Lynn and West Norfolk,,,
327,E09000013,Hammersmith and Fulham, ,E92000001E09000013,Hammersmith and Fulham,,,
329,S12000011,East Renfrewshire, ,S92000003S12000011,East Renfrewshire,,,
333,W06000021,Monmouthshire,Sir Fynwy,W92000004W06000021,Monmouthshire,,,
340,E08000013,St. Helens, ,E92000001E08000013,St. Helens,,,
342,S12000014,Falkirk, ,S92000003S12000014,Falkirk,,,
347,S12000036,"Edinburgh, City of", ,S92000003S12000036,"Edinburgh, City of",,,
348,S12000029,South Lanarkshire, ,S92000003S12000029,South Lanarkshire,,,
349,E07000051,Purbeck, ,E92000001E07000051,Purbeck,,,
350,E07000005,Chiltern, ,E92000001E07000005,Chiltern,,,
352,W06000014,The Vale of Glamorgan,Bro Morgannwg,W92000004W06000014,The Vale of Glamorgan,,,
354,E07000155,South Northamptonshire, ,E92000001E07000155,South Northamptonshire,,,
357,S12000008,East Ayrshire, ,S92000003S12000008,East Ayrshire,,,
358,95VV,Newry and Mourne, ,N9200000295VV,Newry and Mourne,,,
359,S12000041,Angus, ,S92000003S12000041,Angus,,,
360,E07000006,South Bucks, ,E92000001E07000006,South Bucks,,,
362,E07000007,Wycombe, ,E92000001E07000007,Wycombe,,,
366,E07000206,Waveney, ,E92000001E07000206,Waveney,,,
367,E06000043,Brighton and Hove, ,E92000001E06000043,Brighton and Hove,,,
369,S12000021,North Ayrshire, ,S92000003S12000021,North Ayrshire,,,
371,E07000100,St Albans, ,E92000001E07000100,St Albans,,,
375,E07000135,Oadby and Wigston, ,E92000001E07000135,Oadby and Wigston,,,
381,E06000028,Bournemouth, ,E92000001E06000028,Bournemouth,,,
386,S12000017,Highland, ,S92000003S12000017,Highland,,,
387,W06000009,Pembrokeshire,Sir Benfro,W92000004W06000009,Pembrokeshire,,,
389,E06000022,Bath and North East Somerset, ,E92000001E06000022,Bath and North East Somerset,,,
394,E07000154,Northampton, ,E92000001E07000154,Northampton,,,
399,E07000049,East Dorset, ,E92000001E07000049,East Dorset,,,
401,E06000004,Stockton-on-Tees, ,E92000001E06000004,Stockton-on-Tees,,,
402,S12000024,Perth & Kinross, ,S92000003S12000024,Perth & Kinross,,,